,hash,date,pcr_test_positive,pcr_test_negative,positiveIncrease,negativeIncrease,pending,hospitalizedCurrently,hospitalizedIncrease,hospitalizedCumulative,inIcuCurrently,inIcuCumulative,onVentilatorCurrently,onVentilatorCumulative,totalTestResults,totalTestResultsIncrease,death,deathIncrease
0,a80d0063822e251249fd9a44730c49cb23defd83,20210307,28756489.0,74582825.0,41835,131835,11808.0,40199.0,726,776361.0,8134.0,45475.0,2802.0,4281.0,363825123,1170059,515151.0,842
1,dae5e558c24adb86686bbd58c08cce5f610b8bb0,20210306,28714654.0,74450990.0,60015,143835,11783.0,41401.0,503,775635.0,8409.0,45453.0,2811.0,4280.0,362655064,1430992,514309.0,1680
2,724844c01659d0103801c57c0f72bf8cc8ab025c,20210305,28654639.0,74307155.0,68787,271917,12213.0,42541.0,2781,775132.0,8634.0,45373.0,2889.0,4275.0,361224072,1744417,512629.0,2221
3,5c549ad30f9abf48dc5de36d20fa707014be1ff3,20210304,28585852.0,74035238.0,65487,177957,12405.0,44172.0,1530,772351.0,8970.0,45293.0,2973.0,4267.0,359479655,1590984,510408.0,1743
4,fef6c425d2b773a9221fe353f13852f3e4a4bfb0,20210303,28520365.0,73857281.0,66836,267001,11778.0,45462.0,2172,770821.0,9359.0,45214.0,3094.0,4260.0,357888671,1406795,508665.0,2449
5,f90cfd6129805f923153eb8da22a86b75eedf8fd,20210302,28453529.0,73590280.0,54248,255779,11196.0,46388.0,1871,768649.0,9465.0,45084.0,3169.0,4257.0,356481876,1343519,506216.0,1728
6,fe110199c554cbfbc73cba70a79f621483b58633,20210301,28399281.0,73334501.0,48092,118077,11748.0,46738.0,1024,766778.0,9595.0,44956.0,3171.0,4252.0,355138357,1154440,504488.0,1241
7,e6707b320942dd3747d8bf8f6d9eb3df51d3eb9b,20210228,28351189.0,73216424.0,54349,203599,11708.0,47352.0,879,765754.0,9802.0,44907.0,3245.0,4252.0,353983917,1408422,503247.0,1051
8,d147391f796f2e12e030e88d732e1fcc3332ba0f,20210227,28296840.0,73012825.0,71245,205090,11731.0,48871.0,1428,764875.0,10114.0,44875.0,3335.0,4252.0,352575495,1655179,502196.0,1847
9,a8e3b540b405af9291478478833507c9150982c9,20210226,28225595.0,72807735.0,74857,276829,11945.0,51112.0,1868,763447.0,10466.0,44791.0,3466.0,4247.0,350920316,1803309,500349.0,2141
10,96567c9224d9e2421005b20d7661d5f698e84ee2,20210225,28150738.0,72530906.0,75565,272209,11813.0,52669.0,2047,761579.0,10846.0,44636.0,3567.0,4240.0,349117007,1826144,498208.0,3138
11,cb5e30469bb5fa9c8cc57419f854444b7085752d,20210224,28075173.0,72258697.0,73258,245318,12548.0,54118.0,2172,759532.0,11026.0,44534.0,3685.0,4227.0,347290863,1450666,495070.0,2447
12,b160cc76a55eb46ad84fee0ed21f3f11ff575c07,20210223,28001915.0,72013379.0,69105,225267,11200.0,55058.0,2164,757360.0,11272.0,44420.0,3755.0,4214.0,345840197,1193835,492623.0,2241
13,953907208abbebaa0ed863696371a8aaee01875b,20210222,27932810.0,71788112.0,52530,123611,9499.0,55403.0,1305,755196.0,11536.0,44266.0,3804.0,4200.0,344646362,1201247,490382.0,1235
14,9ef669705290054fca87e09e2400ccfca723e1dd,20210221,27880280.0,71664501.0,58702,156778,9442.0,56159.0,997,753891.0,11862.0,44216.0,3915.0,4197.0,343445115,1232995,489147.0,1287
15,1c88106df899e0794d806f9a076c32871a56b409,20210220,27821578.0,71507723.0,72354,141790,9408.0,58222.0,1732,752894.0,12120.0,44166.0,3932.0,4197.0,342212120,1290481,487860.0,2160
16,133fb9fd79fdb907e5b91163c12dcb94ebcfc8a7,20210219,27749224.0,71365933.0,74676,224755,8711.0,59882.0,2674,751162.0,12491.0,44085.0,4118.0,4187.0,340921639,1878033,485700.0,2477
17,fce5878af42d4b34c917ce33fba9cfebd0bed50c,20210218,27674548.0,71141178.0,66824,218491,8679.0,62224.0,2497,748488.0,13036.0,43964.0,4180.0,4178.0,339043606,1345849,483223.0,2616
18,ae44ef14d0a2bbb22891fe7a4727376ae8a4eefe,20210217,27607724.0,70922687.0,66839,233666,8548.0,63329.0,2857,745991.0,13094.0,43823.0,4271.0,4154.0,337697757,1298421,480607.0,2348
19,e17f7931c95de689a278bb61419d0c7a5cae9c0f,20210216,27540885.0,70689021.0,56312,101102,11547.0,64457.0,2094,743134.0,13607.0,43673.0,4415.0,4149.0,336399336,1053698,478259.0,1353
20,f0b6e80a16ee4be858b4600426c87f62a7e948db,20210215,27484573.0,70587919.0,55077,143388,11494.0,65379.0,1130,741040.0,13790.0,43553.0,4468.0,4143.0,335345638,1123560,476906.0,1078
21,f51d712bfff4e331afc8dd2113672e407a3d99bf,20210214,27429496.0,70444531.0,72164,171877,11515.0,66947.0,1236,739910.0,14038.0,43516.0,4542.0,4141.0,334222078,1439631,475828.0,1366
22,32fd3d66a3799801735c646c36783d327122f61a,20210213,27357332.0,70272654.0,90642,234293,11529.0,69207.0,1805,738674.0,14387.0,43463.0,4648.0,4140.0,332782447,1757608,474462.0,3467
23,997a98bc6c2c22cbcae1bfa325eeac7b09349df7,20210212,27266690.0,70038361.0,101030,255983,9434.0,71471.0,2347,736869.0,14766.0,43389.0,4849.0,4126.0,331024839,1812454,470995.0,5427
24,68c04ffef08f6cc8caf4bfea5b950e2288f738bd,20210211,27165660.0,69782378.0,102417,260124,11981.0,74208.0,2460,734522.0,15181.0,43291.0,4970.0,4113.0,329212385,1855929,465568.0,3873
25,a5e18e2c47c764313e7accec45a3af3ea1f746c0,20210210,27063243.0,69522254.0,95194,155861,12079.0,76979.0,3226,732062.0,15788.0,43184.0,5121.0,4106.0,327356456,1382709,461695.0,3445
26,d6ab30f5a318ca939a2fdf9393fc0f335bfc1fc8,20210209,26968049.0,69366393.0,92986,337168,10516.0,79179.0,3144,728836.0,16129.0,43000.0,5216.0,4092.0,325973747,1488481,458250.0,2795
27,ddfbccf1e6b54cf690c54a52233ff34afc750ee2,20210208,26875063.0,69029225.0,77737,142156,12114.0,80055.0,1638,725692.0,16174.0,42833.0,5260.0,4080.0,324485266,1400009,455455.0,1309
28,a2747a21d0be7bc1325eb930f49c12bd9d063f0b,20210207,26797326.0,68887069.0,95994,208303,12061.0,81439.0,1543,724054.0,16616.0,42779.0,5342.0,4079.0,323085257,1498808,454146.0,1475
29,f6fc0e18265107559ccba343740f3ef06d828737,20210206,26701332.0,68678766.0,114557,282477,12070.0,84233.0,2443,722511.0,17093.0,42730.0,5475.0,4078.0,321586449,1888854,452671.0,2994
30,e32393a09912d605685ff512547116d62a867235,20210205,26586775.0,68396289.0,131146,270754,11546.0,86373.0,2940,720068.0,17284.0,42626.0,5596.0,4060.0,319697595,1868496,449677.0,3543
31,5618b9bae5c5ac569889ac886ee0655b94908618,20210204,26455629.0,68125535.0,123907,217496,11914.0,88668.0,3402,717128.0,17918.0,42472.0,5732.0,4059.0,317829099,1663995,446134.0,5212
32,d1fb1ca4d5de63f3698cdacf1fc9bb7a3f9e2f65,20210203,26331722.0,67908039.0,116960,224499,12077.0,91440.0,3975,713726.0,18147.0,42323.0,5920.0,4044.0,316165104,1384881,440922.0,3685
33,4a7ce3300dcac3facf61fc45c90dbccd0b062ed0,20210202,26214762.0,67683540.0,117616,167082,10590.0,92880.0,3285,709751.0,18388.0,42148.0,6047.0,4035.0,314780223,1385595,437237.0,3486
34,1a664c2c2bd6239c309e1bf86249356944a10f45,20210201,26097146.0,67516458.0,120200,344975,11957.0,93536.0,1766,706466.0,18572.0,41998.0,6086.0,4025.0,313394628,1507545,433751.0,1562
35,e4f76197700457237870b32c7da34314b97167f9,20210131,25976946.0,67171483.0,119367,224593,12007.0,95013.0,2171,704700.0,18968.0,41934.0,6291.0,4019.0,311887083,1725724,432189.0,2059
36,7d92d3a85772369d403427a69e613db17892c4e0,20210130,25857579.0,66946890.0,148824,232299,11986.0,97561.0,3147,702529.0,19130.0,41872.0,6329.0,4016.0,310161359,2139579,430130.0,2982
37,ab8a093eb80eaae01f1f86776a15028812b40e50,20210129,25708755.0,66714591.0,167111,284168,12400.0,101003.0,2835,699382.0,19609.0,41758.0,6483.0,4011.0,308021780,1955101,427148.0,3503
38,8692445009bb33dee1d85bc95e95bfb8758d9979,20210128,25541644.0,66430423.0,157306,269667,12095.0,104303.0,3500,696547.0,20113.0,41588.0,6642.0,4000.0,306066679,1936761,423645.0,4011
39,5f21e4490e738297c35e1a4a132c07f890e1dfc1,20210127,25384338.0,66160756.0,153985,244553,11972.0,107444.0,4134,693047.0,20497.0,41402.0,6806.0,3985.0,304129918,1626393,419634.0,4077
40,a62a2e827836c0c936484465ac931304c5334111,20210126,25230353.0,65916203.0,146448,377450,9879.0,108960.0,3705,688913.0,20573.0,41205.0,6832.0,3976.0,302503525,1733799,415557.0,3734
41,e0c576faf112999072321cd7dc6265864792ee4b,20210125,25083905.0,65538753.0,133454,217006,10963.0,109938.0,2515,685208.0,20875.0,41028.0,6857.0,3949.0,300769726,1630391,411823.0,1593
42,bf79335a1227f60427950055b55519be2388b3a1,20210124,24950451.0,65321747.0,144234,223447,10892.0,110628.0,1909,682693.0,21168.0,40931.0,6989.0,3943.0,299139335,1792892,410230.0,1944
43,47dfa961be79d64fc93c624aa8c30a8878559c1b,20210123,24806217.0,65098300.0,177118,274547,10864.0,113609.0,6652,680784.0,21657.0,40853.0,7110.0,3941.0,297346443,1990072,408286.0,3591
44,06962832ce32532fd5ccd76cf9eba51fd11b14bd,20210122,24629099.0,64823753.0,190915,284392,11247.0,116264.0,4325,674132.0,22008.0,40687.0,7236.0,3919.0,295356371,2022028,404695.0,3980
45,21696545a9eca409a45f2f497e0fa38ebd1a25eb,20210121,24438184.0,64539361.0,186275,267695,10907.0,119949.0,4053,669807.0,22309.0,40481.0,7370.0,3910.0,293334343,1933682,400715.0,3878
46,819039596a7dcf8d78153d40208f57851b7db32e,20210120,24251909.0,64271666.0,189203,342450,10529.0,122754.0,5105,665754.0,22834.0,40340.0,7564.0,3897.0,291400661,1851350,396837.0,4409
47,11b510b66d6edce36bf0aed51c3e8296ce47c277,20210119,24062706.0,63929216.0,146626,329847,11503.0,123910.0,3206,660649.0,23054.0,40103.0,7688.0,3883.0,289549311,1596863,392428.0,2141
48,d9e4af585fc4167d1e9628e25d97a7c6e4a40e99,20210118,23916080.0,63599369.0,150792,192825,11477.0,123848.0,2839,657443.0,23226.0,39973.0,7772.0,3865.0,287952448,1771268,390287.0,1395
49,1aef54cdc324f99322ee4f9bc4a5fdee7543bdc8,20210117,23765288.0,63406544.0,187218,277842,11404.0,124387.0,2167,654604.0,23432.0,39864.0,7797.0,3860.0,286181180,1916756,388892.0,2053
50,8bd15f2d04c47a37855909d9cbddfe1268db349f,20210116,23578070.0,63128702.0,218085,226342,11334.0,126139.0,4039,652437.0,23524.0,39797.0,7755.0,3858.0,284264424,2116224,386839.0,3709
51,aebb983bfe704ed005f908899e42a3df7051bd76,20210115,23359985.0,62902360.0,246454,410997,11948.0,127235.0,4000,648398.0,23593.0,39626.0,7772.0,3845.0,282148200,2309884,383130.0,3679
52,2750d68904863f78abbb73c734ac405cfceecf81,20210114,23113531.0,62491363.0,225616,305894,12138.0,128947.0,3792,644398.0,23891.0,39418.0,7878.0,3829.0,279838316,2048899,379451.0,3915
53,6c0eec149b4b4748b89cd27ff01076f0e2119710,20210113,22887915.0,62185469.0,224491,237885,10942.0,130391.0,5312,640606.0,23857.0,39248.0,7902.0,3811.0,277789417,1827396,375536.0,4087
54,bf3972ee2333e0ff7bcf5a540e6b1a0d1e441b24,20210112,22663424.0,61947584.0,218020,443993,9181.0,131326.0,4657,635294.0,23881.0,39049.0,7879.0,3796.0,275962021,1944234,371449.0,4064
55,22c31c3ff9a1bd641b214b6d5205f3511257e78b,20210111,22445404.0,61503591.0,195255,210610,11039.0,129793.0,3045,630637.0,23501.0,38823.0,7786.0,3773.0,274017787,1695767,367385.0,1733
56,7cccf18801ff31632d640e53a26af5f7e254c2d2,20210110,22250149.0,61292981.0,228732,270382,10957.0,129223.0,2413,627592.0,23640.0,38706.0,7878.0,3771.0,272322020,2051661,365652.0,2068
57,49df0480c84e8cf8031e9daf58f6228759e6985f,20210109,22021417.0,61022599.0,269368,290183,10850.0,130781.0,6683,625179.0,23718.0,38607.0,7791.0,3767.0,270270359,2137700,363584.0,3537
58,627026ea4e8920a0200db4738f162eb161b8b6d1,20210108,21752049.0,60732416.0,295121,320284,11633.0,131921.0,4705,618496.0,23912.0,38432.0,7908.0,3756.0,268132659,2146223,360047.0,3780
59,91f84c1dd65e0cb375e7bd4560805e810a071942,20210107,21456928.0,60412132.0,272043,246578,11612.0,132370.0,5312,613791.0,23821.0,38236.0,7900.0,3748.0,265986436,1928262,356267.0,4079
60,2d62aa82b972b446848804e4ae2fa5ea5338d430,20210106,21184885.0,60165554.0,250184,263088,10062.0,132474.0,6607,608479.0,23708.0,38064.0,7946.0,3739.0,264058174,1650493,352188.0,3902
61,589a85913c25309b31dbd8635ff14059b3eb6473,20210105,20934701.0,59902466.0,219075,480256,8008.0,131195.0,4290,601872.0,23509.0,37841.0,7976.0,3718.0,262407681,1721007,348286.0,3484
62,35eeaeb8a3db8e46a289a54bc7b08e3c14fc90c7,20210104,20715626.0,59422210.0,179571,148614,9463.0,128210.0,3892,597582.0,23435.0,37586.0,7930.0,3692.0,260686674,1512611,344802.0,1547
63,a7e7dcfaf216b997aa301630cdb3ab1ad9b4382f,20210103,20536055.0,59273596.0,208457,215583,9407.0,125562.0,2226,593690.0,23243.0,37433.0,7939.0,3688.0,259174063,1444257,343255.0,1455
64,1cae9503112548803a332efdf3e3caaeee904141,20210102,20327598.0,59058013.0,280318,221792,9356.0,123614.0,3051,591464.0,23133.0,37309.0,7910.0,3684.0,257729806,1934350,341800.0,2406
65,9994a6eaa4e8fd91674c5ec8f74b237be23fd8ce,20210101,20047280.0,58836221.0,182906,192048,11506.0,125047.0,4550,588413.0,23255.0,37196.0,7990.0,3681.0,255795456,1545537,339394.0,2592
66,febd6590bd09d2e0ff39e0772a8953caa4106224,20201231,19864374.0,58644173.0,226246,262855,14931.0,125423.0,4348,583863.0,23097.0,37066.0,8004.0,3672.0,254249919,1797220,336802.0,3297
67,d55afa7354a34a5d7351cd334c201b1329c5d753,20201230,19638128.0,58381318.0,229496,215107,14200.0,125220.0,5514,579515.0,23069.0,36855.0,7930.0,3653.0,252452699,1583713,333505.0,3900
68,f2b3d4a165d2bce2705b98a772bb8a1aeaa6edf3,20201229,19408632.0,58166211.0,199679,201698,9939.0,124686.0,5261,574001.0,22838.0,36583.0,7885.0,3635.0,250868986,1343514,329605.0,3289
69,d081afdb641baa8c5081b052abaa2f981835b3cd,20201228,19208953.0,57964513.0,164127,309721,10365.0,121202.0,3723,568740.0,22579.0,36308.0,7948.0,3612.0,249525472,1332122,326316.0,1490
70,b3d199ee2f4ed59fa488cb97b2d300a6366a4b63,20201227,19044826.0,57654792.0,153540,204288,10280.0,118720.0,2302,565017.0,22447.0,36164.0,7878.0,3604.0,248193350,1395240,324826.0,1397
71,01109e24d18c9914d7209c6f42f6a6d3e793b019,20201226,18891286.0,57450504.0,190594,214555,10229.0,117344.0,2292,562715.0,22373.0,36038.0,7809.0,3593.0,246798110,1974298,323429.0,1426
72,0f051125d8d087b7d16ff389091232fd325c3d12,20201225,18700692.0,57235949.0,126796,170690,10214.0,118948.0,2047,560423.0,22418.0,35945.0,7831.0,3592.0,244823812,1568040,322003.0,1553
73,d0910e80c9a5375fafacdd471012847ce2f8724f,20201224,18573896.0,57065259.0,206684,322117,14410.0,120200.0,4289,558376.0,22623.0,35899.0,7792.0,3587.0,243255772,2031894,320450.0,2958
74,7d7be5c7af716807b2a5cf6af6340d77c50a2f57,20201223,18367212.0,56743142.0,224526,304962,13784.0,119463.0,4795,554087.0,22489.0,35695.0,7819.0,3579.0,241223878,1791481,317492.0,3393
75,5b6b41dfb20daa59ceb73823074eb15004c2663a,20201222,18142686.0,56438180.0,193008,268046,9934.0,117777.0,4567,549292.0,22213.0,35428.0,7830.0,3554.0,239432397,1770133,314099.0,3137
76,714f8224c880b41217c2de98ebcf093ace15be56,20201221,17949678.0,56170134.0,179406,439796,12425.0,115358.0,3111,544725.0,21884.0,35178.0,7783.0,3539.0,237662264,1974590,310962.0,1480
77,c49ecbab3e4aa3c20a7afcd99c35b561ac09a331,20201220,17770272.0,55730338.0,197494,249266,12410.0,113601.0,2382,541614.0,21763.0,35030.0,7695.0,3530.0,235687674,1821629,309482.0,1668
78,047a8b64ac5b7719d46e7d82abd5a2bcd5c0211d,20201219,17572778.0,55481072.0,204873,200763,12420.0,113914.0,3429,539232.0,21692.0,34949.0,7786.0,3529.0,233866045,1859539,307814.0,2708
79,14206a45d17c0ebf5b2db4f29235c8b255590857,20201218,17367905.0,55280309.0,241786,450795,13454.0,113955.0,5214,535803.0,21745.0,34716.0,7786.0,3519.0,232006506,2193466,305106.0,2866
80,9d1daf6b4945d33b62d036344825da32d1c8d4db,20201217,17126119.0,54829514.0,242970,246432,13003.0,114492.0,5167,530589.0,21912.0,34485.0,7848.0,3504.0,229813040,1912697,302240.0,3465
81,7fa8571f82eb8dbe23629a5c5624e26ea1bc2867,20201216,16883149.0,54583082.0,234288,303846,12843.0,113257.0,4776,525422.0,21943.0,34237.0,7782.0,3488.0,227900343,1839996,298775.0,3453
82,e0eaca65c5bb6e7a7e99cd9e2d97dc0a89251435,20201215,16648861.0,54279236.0,193218,316712,9693.0,112816.0,4430,520646.0,21897.0,33958.0,7702.0,3460.0,226060347,1833138,295322.0,2924
83,82b06d9c633de0ef58a3596bf3158c6ea2f8639c,20201214,16455643.0,53962524.0,193286,456078,11448.0,110573.0,3461,516216.0,21458.0,33693.0,7699.0,3442.0,224227209,2010951,292398.0,1357
84,322713c10f5e885956b0e9736fa792a55c546a72,20201213,16262357.0,53506446.0,187251,299810,11382.0,109298.0,2314,512755.0,21230.0,33494.0,7535.0,3432.0,222216258,1827310,291041.0,1501
85,70c91ccacfc569cdbd8582e832ec0f77a50d4371,20201212,16075106.0,53206636.0,226904,226203,11345.0,108461.0,3789,510441.0,21198.0,33419.0,7515.0,3430.0,220388948,1919896,289540.0,2497
86,b04ff95fcd06addaa0f6ddcba59a94825c5e9f1a,20201211,15848202.0,52980433.0,236933,350441,13421.0,108101.0,5411,506652.0,21012.0,33237.0,7488.0,3424.0,218469052,1969509,287043.0,2747
87,43e452017b944386938ec97556d206d033276015,20201210,15611269.0,52629992.0,220846,311589,12409.0,107300.0,4450,501241.0,21024.0,32919.0,7444.0,3394.0,216499543,1967578,284296.0,3132
88,dec935f236543cd31549e725e06a2794c7714de0,20201209,15390423.0,52318403.0,216728,378319,13186.0,106671.0,5300,496791.0,20903.0,32720.0,7621.0,3376.0,214531965,1832545,281164.0,3169
89,792db4a2a00edc8820bcc4a2d82e7ba0934873ca,20201208,15173695.0,51940084.0,217844,292335,9806.0,104637.0,4410,491491.0,20475.0,32406.0,7251.0,3359.0,212699420,1690914,277995.0,2680
90,617fc7a86268ddf44f56b7b720eebd29cc5ff759,20201207,14955851.0,51647749.0,181897,268980,13484.0,102122.0,3461,487081.0,20097.0,32120.0,7067.0,3328.0,211008506,1653269,275315.0,1291
91,da37620365a3ac7958b6815b8dd808b67dae63db,20201206,14773954.0,51378769.0,182580,299693,13592.0,101501.0,2311,483620.0,20145.0,31946.0,7095.0,3322.0,209355237,1675779,274024.0,1163
92,5f4f9c20e8953b757a5f6bc1258ca09f9e4048e3,20201205,14591374.0,51079076.0,219070,356781,13433.0,101192.0,3513,481309.0,19947.0,31831.0,7006.0,3321.0,207679458,2302086,272861.0,2486
93,bc712ea0a264d51e629a77c915a32360b57d9b06,20201204,14372304.0,50722295.0,230313,310521,12714.0,101309.0,4654,477796.0,19853.0,31608.0,7018.0,3305.0,205377372,1918739,270375.0,2563
94,afd4e62b8fc405c8ee387b5ac7c283332fbb3118,20201203,14141991.0,50411774.0,216271,306223,15106.0,100746.0,5369,473142.0,19714.0,31276.0,6875.0,3280.0,203458633,1904020,267812.0,2822
95,fb639848f171c8921ff4089bdf351447dc3df043,20201202,13925720.0,50105551.0,203429,-658774,14368.0,100327.0,5238,467773.0,19687.0,31038.0,6855.0,3252.0,201554613,1587969,264990.0,2811
96,e6f01fdbf1bc66989d8b17c9beaa0103a27e6093,20201201,13722291.0,50764325.0,181183,263699,8764.0,98814.0,4916,462535.0,19302.0,30749.0,6651.0,3223.0,199966644,1494046,262179.0,2489
97,724103a31c0774867f3a0930cfde74aa45854142,20201130,13541108.0,50500626.0,150031,344231,14883.0,96134.0,3394,457619.0,18807.0,30469.0,6520.0,3205.0,198472598,1520240,259690.0,1037
98,6eac1babd58bae3cd832ffce8159f298657e7ad3,20201129,13391077.0,50156395.0,137254,226788,14860.0,93357.0,2429,454225.0,18437.0,30274.0,6245.0,3184.0,196952358,1337135,258653.0,825
99,44b8bcd8f4f699f094a0f30cda0a7e218df07d18,20201128,13253823.0,49929607.0,151469,324413,14780.0,91762.0,3485,451796.0,18249.0,30109.0,6148.0,3179.0,195615223,1675224,257828.0,1243
100,8476766a0279dafd95222fe1fbb1cafd06e41cbe,20201127,13102354.0,49605194.0,198874,384580,14854.0,89913.0,3418,448311.0,18056.0,29858.0,6028.0,3171.0,193939999,1970528,256585.0,1404
101,8ca8ff73ed1fd843b2bce0a5dabaddfc37917333,20201126,12903480.0,49220614.0,129764,179941,14856.0,90564.0,2333,444893.0,18019.0,29673.0,5986.0,3153.0,191969471,1467611,255181.0,1392
102,3ab2bc2bf282b317eb211cdcedefc451c63cc0d5,20201125,12773716.0,49040673.0,188496,394165,14060.0,90043.0,4538,442560.0,17738.0,29540.0,5987.0,3147.0,190501860,1881059,253789.0,2281
103,99502c586675f5d9ce841b2ba7d8fcae989c3c3d,20201124,12585220.0,48646508.0,166503,360586,9962.0,88132.0,4685,438022.0,17317.0,29245.0,5626.0,3123.0,188620801,1873837,251508.0,2091
104,b21944104773f6c8d20fa3ee2c650c6257b3342e,20201123,12418717.0,48285922.0,154696,331207,17617.0,85945.0,2835,433337.0,17060.0,28990.0,5455.0,3106.0,186746964,1671011,249417.0,853
105,ef547861546c86bd93a14c91b38643a38d4d58d1,20201122,12264021.0,47954715.0,154188,373855,17578.0,83882.0,2291,430502.0,16411.0,28828.0,5233.0,3094.0,185075953,1818793,248564.0,923
106,551553b93b21bf46409a53c010169e7d70c8050d,20201121,12109833.0,47580860.0,186385,376533,17683.0,83346.0,3375,428211.0,16264.0,28693.0,5103.0,3087.0,183257160,2140465,247641.0,1551
107,13377beaf14b7f3873f8b95330619dad29797251,20201120,11923448.0,47204327.0,197164,448167,16221.0,82318.0,3903,424836.0,16146.0,28472.0,5058.0,3078.0,181116695,2004886,246090.0,1910
108,5ba4600525b5bc043a02b951b8bf08b86d4bc18d,20201119,11726284.0,46756160.0,187932,324389,14596.0,80669.0,4456,420933.0,15759.0,28216.0,4860.0,3052.0,179111809,1845354,244180.0,2010
109,571f8206dea18d320da26e9c16c69922272d0ab8,20201118,11538352.0,46431771.0,168220,346915,12971.0,79478.0,4352,416477.0,15557.0,27989.0,4699.0,3024.0,177266455,1701006,242170.0,1885
110,dad122bd34413930379f5e511860ad30b8a49ae2,20201117,11370132.0,46084856.0,159826,300498,9281.0,77047.0,3887,412125.0,15009.0,27681.0,4379.0,3004.0,175565449,1634272,240285.0,1553
111,7b5037f5e738cd8d113560bdf8ab533beafa3dd7,20201116,11210306.0,45784358.0,149977,249458,13639.0,73320.0,2907,408238.0,14471.0,27437.0,4156.0,2988.0,173931177,1484630,238732.0,607
112,234e98be4a316e55c1e885959a15df5d7f27e711,20201115,11060329.0,45534900.0,147062,400351,13654.0,70202.0,1868,405331.0,13849.0,27269.0,3939.0,2975.0,172446547,1626437,238125.0,712
113,480f6a606eba11f9bb6402edd707baca6c0cbba0,20201114,10913267.0,45134549.0,167726,300446,13657.0,69588.0,3468,403463.0,13491.0,27172.0,3945.0,2972.0,170820110,1785889,237413.0,1353
114,cec9dca3f034c7218fdc55f8f8634d9040a190b0,20201113,10745541.0,44834103.0,174633,331974,12010.0,68585.0,3673,399995.0,13280.0,26997.0,3766.0,2967.0,169034221,1742559,236060.0,1301
115,108e545e857a30a0b22bca57465c58838922701a,20201112,10570908.0,44502129.0,157542,271550,11385.0,67236.0,3562,396322.0,12917.0,26803.0,3622.0,2954.0,167291662,1607551,234759.0,1112
116,1261ba112ac98aa1779a6bd93c8c460826223999,20201111,10413366.0,44230579.0,149333,283243,11287.0,65549.0,3281,392760.0,12626.0,26584.0,3365.0,2947.0,165684111,1503560,233647.0,1577
117,bf739d96c71cabbdf6cde427f01e0eda7f8748d4,20201110,10264033.0,43947336.0,135569,203377,8579.0,62119.0,4070,389479.0,12057.0,26335.0,3202.0,2922.0,164180551,1386936,232070.0,1358
118,ebdd274b4919a2f993748b3c10491e337507f6e7,20201109,10128464.0,43743959.0,118403,283666,23458.0,59342.0,2176,385409.0,11636.0,26087.0,3111.0,2907.0,162793615,1314380,230712.0,577
119,7eb6b9d9c614451e644c9de31ff8dc7e712668c2,20201108,10010061.0,43460293.0,112445,239635,23353.0,56942.0,1467,383233.0,11223.0,25819.0,2977.0,2900.0,161479235,1266058,230135.0,513
120,30dd8e71d67240ecaea0a83f46b5f72d7857db78,20201107,9897616.0,43220658.0,132113,357869,23295.0,56037.0,2341,381766.0,11215.0,25721.0,2947.0,2898.0,160213177,1546164,229622.0,1125
121,b616af7f48793ba11bd9ca0ee5f6d43d266f225f,20201106,9765503.0,42862789.0,129990,314445,11804.0,55005.0,3121,379425.0,11213.0,25498.0,2850.0,2885.0,158667013,1772955,228497.0,1185
122,28ab88ba50789f0f2f56153766eb7672641b4c4d,20201105,9635513.0,42548344.0,119023,302427,11233.0,53380.0,2553,376304.0,11050.0,25276.0,2876.0,2872.0,156894058,1561062,227312.0,1154
123,285ef8084ab9ad05307e45b8dd95b977127e69e7,20201104,9516490.0,42245917.0,105996,202598,10117.0,52166.0,3107,373751.0,10892.0,25041.0,2832.0,2853.0,155332996,1318451,226158.0,1131
124,c0e4e6a613cb4ee654e4506dff34a572527ae69c,20201103,9410494.0,42043319.0,119949,255848,8003.0,50509.0,3135,370644.0,10538.0,24796.0,2734.0,2833.0,154014545,1269152,225027.0,1517
125,60cc1f499ddba555f87f758c85747f38b27cf5e4,20201102,9290545.0,41787471.0,83454,283444,10655.0,48750.0,1399,367509.0,9957.0,24560.0,2633.0,2809.0,152745393,1238898,223510.0,475
126,1b0570500365e585ffa2bc6b2499d700fe60fb03,20201101,9207091.0,41504027.0,141974,228603,10617.0,47615.0,1166,366110.0,9665.0,24457.0,2553.0,2797.0,151506495,1160138,223035.0,410
127,c863da6ca01b0971cc5f583225667447b0ddcc2e,20201031,9065117.0,41275424.0,91293,325765,10635.0,47486.0,2116,364944.0,9613.0,24375.0,2502.0,2786.0,150346357,1473444,222625.0,958
128,92ade781e6416148c7f0fd49f74f9b7f1ad1fa49,20201030,8973824.0,40949659.0,97942,206695,11120.0,46880.0,2403,362828.0,9550.0,24230.0,2477.0,2776.0,148872913,1423126,221667.0,947
129,68b99161bd498b1e7d498e13ec3b3a40800cbbe2,20201029,8875882.0,40742964.0,89365,317094,10481.0,46191.0,2321,360425.0,9320.0,24082.0,2399.0,2760.0,147449787,1453174,220720.0,1060
130,690810f65ea704334fa54f0e2d127052e2060562,20201028,8786517.0,40425870.0,79700,265933,9600.0,45214.0,2461,358104.0,9133.0,23883.0,2354.0,2744.0,145996613,1150428,219660.0,1047
131,69cdc63c62446f7375f4934a8037a18b95cbefd1,20201027,8706817.0,40159937.0,72255,220640,8129.0,44391.0,2290,355643.0,8985.0,23701.0,2283.0,2719.0,144846185,1150455,218613.0,922
132,1ed78bcb5929fa9508f2249cc000616978e8da65,20201026,8634562.0,39939297.0,63430,268034,11083.0,42988.0,1697,353353.0,8946.0,23542.0,2300.0,2703.0,143695730,1131572,217691.0,397
133,3f8f83be71014a0b16d48bee4ca835af4f38b10e,20201025,8571132.0,39671263.0,64471,268680,11093.0,41883.0,1076,351656.0,8590.0,23420.0,2176.0,2693.0,142564158,1222362,217294.0,391
134,469cea190a115af16080c685ba720a694371ffa9,20201024,8506661.0,39402583.0,83792,259771,11087.0,42087.0,1822,350580.0,8675.0,23356.0,2230.0,2691.0,141341796,1370239,216903.0,896
135,9c4d2c55358cca2e590174ab908e3a64ccc87ad7,20201023,8422869.0,39142812.0,82575,304853,11853.0,41614.0,2801,348758.0,8342.0,23221.0,2180.0,2679.0,139971557,1444382,216007.0,949
136,1641e78cd9588971e62947116ddc711cfdd9efef,20201022,8340294.0,38837959.0,72273,301777,12222.0,41114.0,2229,345957.0,8180.0,23018.0,2147.0,2641.0,138527175,1305768,215058.0,1094
137,3ce69a5bd59a55c23d3a1355ece3c53a1d8bcd51,20201021,8268021.0,38536182.0,62856,201552,10241.0,40397.0,2399,343728.0,8291.0,22855.0,2083.0,2622.0,137221407,1055928,213964.0,1051
138,fb3c824f3bdb25a2e9cc63e4cb7a5939af9cbfbb,20201020,8205165.0,38334630.0,60574,201519,8014.0,39391.0,2309,341329.0,8206.0,22662.0,2042.0,2593.0,136165479,1034354,212913.0,833
139,acf9b7c70cf3739a64c50a4e6536eefb658fb3c9,20201019,8144591.0,38133111.0,57650,347469,12138.0,37976.0,1605,339020.0,8063.0,22475.0,1804.0,2577.0,135131125,1100768,212080.0,443
140,e9623194fa2a12b99a244050e509154f4ba65564,20201018,8086941.0,37785642.0,47957,193978,12059.0,36536.0,813,337415.0,7383.0,22391.0,1762.0,2557.0,134030357,1074271,211637.0,405
141,cb8bc2edbca046505d99482d0c07a5999416c738,20201017,8038984.0,37591664.0,57675,260557,12109.0,37474.0,1546,336602.0,7466.0,22320.0,1791.0,2553.0,132956086,1329098,211232.0,780
142,edb8a970f7c1dcaf14756e7a74602c175ab36b8f,20201016,7981309.0,37331107.0,68505,272444,13091.0,37479.0,1866,335056.0,7333.0,22202.0,1740.0,2547.0,131626988,1247307,210452.0,891
143,6867eb321540217ac24843b49137ca4b3bf4a917,20201015,7912804.0,37058663.0,63641,263255,13001.0,37423.0,2010,333190.0,7303.0,22051.0,1773.0,2531.0,130379681,1182695,209561.0,928
144,6286961ea5f01778c85df2fedb21798f2ecd3a89,20201014,7849163.0,36795408.0,57240,144110,11100.0,37184.0,2437,331180.0,7236.0,21889.0,1775.0,2516.0,129196986,1114421,208633.0,801
145,6fc97d61c38bfe7d1ceb1b0df4c44fe9843b66e8,20201013,7791923.0,36651298.0,46914,210401,8008.0,36171.0,2058,328743.0,7104.0,21735.0,1757.0,2485.0,128082565,1085144,207832.0,718
146,28a7b039fd978d2ea30917c73b62b8d1bb4ba591,20201012,7745009.0,36440897.0,43248,213302,11329.0,35143.0,1104,326685.0,6860.0,21629.0,1663.0,2464.0,126997421,950483,207114.0,284
147,a6af86977566969f49e9557de4d1a9f050069aa6,20201011,7701761.0,36227595.0,46723,220736,11261.0,34610.0,983,325581.0,6749.0,21553.0,1646.0,2454.0,126046938,1106595,206830.0,472
148,db3e14a96323665366dcdacc4135ff1b0ead78cd,20201010,7655038.0,36006859.0,57543,296196,11223.0,34700.0,1485,324598.0,6752.0,21512.0,1667.0,2451.0,124940343,1299743,206358.0,690
149,7aff88bc3760da8df5d9ddbc804bfd015a7c87dc,20201009,7597495.0,35710663.0,57085,282790,13078.0,34973.0,1736,323113.0,6775.0,21388.0,1651.0,2437.0,123640600,1275712,205668.0,914
150,67002312b40c9e5069c407e1e2cc32069c3fde8d,20201008,7540410.0,35427873.0,55308,6923,13087.0,34446.0,2134,321377.0,6694.0,21217.0,1638.0,2427.0,122364888,1225426,204754.0,979
151,793a9cdd3d34251027a6dc256d8dc7c6d35a3f73,20201007,7485102.0,35420950.0,51216,232274,12269.0,33565.0,2138,319243.0,6591.0,21112.0,1650.0,2410.0,121139462,1081509,203775.0,929
152,9be4f8807ad805044911a35aca71369ab6595797,20201006,7433886.0,35188676.0,38846,185103,8680.0,32726.0,-752,317105.0,6490.0,20973.0,1609.0,2388.0,120057953,954557,202846.0,613
153,b647d8534643987376b91e762f4e64a57312a18f,20201005,7395040.0,35003573.0,37752,243549,11544.0,31426.0,1447,317857.0,6292.0,20812.0,1514.0,2370.0,119103396,937566,202233.0,331
154,2a7d844091a4c1342b46cd0a8265b9babaa6a09e,20201004,7357288.0,34760024.0,38165,298235,11471.0,30063.0,663,316410.0,6056.0,20729.0,1485.0,2362.0,118165830,1026748,201902.0,380
155,6fff998f53f12e078bb75744afab15c0c97191d8,20201003,7319123.0,34461789.0,50874,182570,11464.0,30209.0,1088,315747.0,6073.0,20686.0,1501.0,2358.0,117139082,1126528,201522.0,738
156,59b4b8322626727fdb47b773bbaf7143a3944603,20201002,7268249.0,34279219.0,49427,311588,10813.0,30880.0,1443,314659.0,6195.0,20612.0,1534.0,2348.0,116012554,1216123,200784.0,842
157,dfeb07e5043e48c051c0fe3531f868a7660ef0a0,20201001,7218822.0,33967631.0,45720,214834,13003.0,30942.0,1757,313216.0,6262.0,20492.0,1543.0,2334.0,114796431,1016972,199942.0,862
158,543439a5028b2088ad7eb5476414dc9d02055052,20200930,7173102.0,33752797.0,44909,226976,9431.0,31021.0,1618,311459.0,6241.0,20390.0,1510.0,2319.0,113779459,976422,199080.0,1064
159,39193bebb44cf1a7ccf13086bee74acd233d9aef,20200929,7128193.0,33525821.0,36766,203930,7695.0,30601.0,1673,309841.0,6172.0,20247.0,1497.0,2298.0,112803037,992038,198016.0,724
160,03c11e66d017a5f2b8547c4ee685dbfca98dd24e,20200928,7091427.0,33321891.0,35376,258394,11112.0,29696.0,1181,308168.0,6048.0,20121.0,1513.0,2285.0,111810999,991825,197292.0,246
161,3111bcdff6b447080a85eea5ad1b25eff86607a6,20200927,7056051.0,33063497.0,34990,193116,11136.0,29579.0,613,306987.0,6170.0,20050.0,1511.0,2277.0,110819174,932751,197046.0,310
162,fb4d4135cab1f3049880dd17bdebd43efc96a487,20200926,7021061.0,32870381.0,47227,260732,11183.0,29670.0,1214,306374.0,6143.0,20002.0,1509.0,2272.0,109886423,1136490,196736.0,873
163,a7b5448b704896b1774f7bae1585b49f9d39d342,20200925,6973834.0,32609649.0,55278,290503,10905.0,29891.0,1333,305160.0,6220.0,19919.0,1508.0,2264.0,108749933,1156284,195863.0,847
164,87f6008311bfba7d6c28063f9cc032c16e6462fd,20200924,6918556.0,32319146.0,43341,254550,12008.0,30159.0,1484,303827.0,6274.0,19555.0,1560.0,2177.0,107593649,1010190,195016.0,938
165,3f38dcc908f982ac39c2a4c6c5a0fc7dbaaeda1c,20200923,6875215.0,32064596.0,39498,223960,10535.0,30015.0,1454,302343.0,6200.0,19452.0,1545.0,2154.0,106583459,1013367,194078.0,1156
166,ca26b976121406a0100926aea92aa95732fd013f,20200922,6835717.0,31840636.0,48986,258099,7999.0,29645.0,1534,300889.0,6188.0,19324.0,1558.0,2130.0,105570092,917213,192922.0,859
167,56ca7458c12d66a10828703b963267f7bb1afe7f,20200921,6786731.0,31582537.0,39162,146752,13241.0,28849.0,1064,299355.0,6138.0,19353.0,1570.0,2116.0,104652879,750351,192063.0,281
168,13ca9774b90aa85f494c3c0c7128a2b0d9f5e22f,20200920,6747569.0,31435785.0,35533,265956,13192.0,28724.0,525,298291.0,6100.0,19281.0,1595.0,2112.0,103902528,994272,191782.0,327
169,5d722485c8f8bcf2256b448c75faa51da012f48d,20200919,6712036.0,31169829.0,45668,279068,13217.0,29185.0,1051,297766.0,6163.0,19243.0,1577.0,2111.0,102908256,1169942,191455.0,747
170,8809fbbfdb57cbf6619be4e4720ed3e19957d9e4,20200918,6666368.0,30890761.0,46889,277046,11805.0,29651.0,1423,296715.0,6175.0,19163.0,1608.0,2107.0,101738314,1094695,190708.0,901
171,4ba7ffc4c353fc4adecc6eab5d2f38e7d3800916,20200917,6619479.0,30613715.0,43642,245451,11768.0,30035.0,1549,295292.0,6285.0,19057.0,1662.0,2092.0,100643619,990095,189807.0,880
172,0322936e628d893c65ff5096c88a4c482d20fab3,20200916,6575837.0,30368264.0,40319,182360,10587.0,30345.0,1461,293743.0,6303.0,18961.0,1647.0,2090.0,99653524,839956,188927.0,1190
173,4111051e1408687d2967f7105f262b13734fa7b5,20200915,6535518.0,30185904.0,34778,216815,4966.0,30427.0,1484,292282.0,6308.0,18847.0,1574.0,2071.0,98813568,852734,187737.0,1034
174,0c04cc1c46f2c1225a2398e3fc7e5e7c5c93ee01,20200914,6500740.0,29969089.0,33572,198825,10494.0,30225.0,912,290798.0,6256.0,18748.0,1601.0,2061.0,97960834,821093,186703.0,407
175,cac96e90d42dfd72529fa0dc45399db33034ba3f,20200913,6467168.0,29770264.0,34579,226347,10467.0,30027.0,545,289886.0,6232.0,18692.0,1654.0,2056.0,97139741,792700,186296.0,392
176,4a66a052c1fd27e46ddd814c74bef2a4732a5953,20200912,6432589.0,29543917.0,41850,227638,10403.0,30912.0,1145,289341.0,6449.0,18648.0,1721.0,2051.0,96347041,1020760,185904.0,817
177,df5942aecdf69193e052f9d882a2f66db630120f,20200911,6390739.0,29316279.0,44698,244892,10813.0,31679.0,1510,288196.0,6371.0,18549.0,1816.0,2031.0,95326281,937575,185087.0,1015
178,686104f43353d34d6d7d45e857ec61e3a6cab6c3,20200910,6346041.0,29071387.0,37386,195629,10530.0,32535.0,1497,286686.0,6522.0,18453.0,1923.0,2008.0,94388706,821385,184072.0,1161
179,dc6a4491273af009b1584d1059e0cc53b64cb776,20200909,6308655.0,28875758.0,30756,193412,6551.0,32670.0,1918,285189.0,6659.0,18323.0,1906.0,1994.0,93567321,751002,182911.0,1088
180,389f101c935fb5f5deda104ecdcd71b60237acc1,20200908,6277899.0,28682346.0,22310,123290,8983.0,32255.0,987,283271.0,6541.0,18189.0,1870.0,1975.0,92816319,546859,181823.0,347
181,4033f90dc75f35f4e7188536485c81aeee74b50f,20200907,6255589.0,28559056.0,28117,191875,8986.0,32052.0,474,282284.0,6635.0,18156.0,1881.0,1967.0,92269460,670866,181476.0,227
182,7a2333f9e8f21f8255cfaf9322d66afb19da642e,20200906,6227472.0,28367181.0,33033,206134,8927.0,32428.0,499,281810.0,6701.0,18125.0,1912.0,1960.0,91598594,764565,181249.0,452
183,7a6f9748e4f70cb049598e4cb3f41e935cca4387,20200905,6194439.0,28161047.0,44860,218536,9021.0,33626.0,1173,281311.0,6758.0,18089.0,1956.0,1956.0,90834029,993565,180797.0,926
184,c0a6c0ba6e42d81c55fc6b019d7988183c039ebb,20200904,6149579.0,27942511.0,51600,256511,10118.0,34177.0,1249,280138.0,6922.0,18012.0,1998.0,1943.0,89840464,1089037,179871.0,999
185,179d5bd9ff274decd0dd8cd140a25c38f38e8a01,20200903,6097979.0,27686000.0,44631,227081,9987.0,34753.0,1488,278889.0,6923.0,17894.0,2038.0,1928.0,88751427,909820,178872.0,1072
186,71e03e64498df6920760ef8def42aa3d7a5fad1f,20200902,6053348.0,27458919.0,30667,211097,9293.0,35661.0,1521,277401.0,7091.0,17788.0,2027.0,1918.0,87841607,796145,177800.0,1035
187,8e46bd9281b3d1330efc5e212f58c7827cb56322,20200901,6022681.0,27247822.0,42242,179210,6647.0,35338.0,1867,275880.0,7084.0,17655.0,2041.0,1902.0,87045462,796530,176765.0,1014
188,92225753c5bd18bf9500aa07547714545430ef42,20200831,5980439.0,27068612.0,31720,180728,11128.0,35476.0,710,274013.0,7054.0,17537.0,2080.0,1877.0,86248932,680649,175751.0,380
189,12f653fb442b4355c6117973923eee757ed6faf6,20200830,5948719.0,26887884.0,38766,220804,11148.0,35770.0,662,273303.0,7268.0,17439.0,2057.0,1870.0,85568283,823352,175371.0,477
190,65ed9b40401dfcf09b2e15f5d766dbead9d127dd,20200829,5909953.0,26667080.0,43995,257166,11151.0,36516.0,1299,272641.0,7413.0,17401.0,2062.0,1864.0,84744931,947087,174894.0,1017
191,d526021ffccb14df68f1a89a0db8ae15b7260b35,20200828,5865958.0,26409914.0,46115,224635,10428.0,37356.0,1642,271342.0,7591.0,17304.0,2087.0,1856.0,83797844,938465,173877.0,1020
192,c6512aab6069d528d9bb0a0bb5e4789fac0ce1cc,20200827,5819843.0,26185279.0,44111,243599,11168.0,37498.0,1654,269700.0,7712.0,17181.0,2128.0,1831.0,82859379,857577,172857.0,1128
193,56da79a79122d16236e6aee09378b3f7cab3a856,20200826,5775732.0,25941680.0,44331,216584,4081.0,38515.0,1804,268046.0,7742.0,17046.0,2143.0,1809.0,82001802,772668,171729.0,1300
194,ff56735a3152b150f77594a93a4220a9ceb91efc,20200825,5731401.0,25725096.0,36839,224504,4091.0,38831.0,1988,266242.0,7854.0,16920.0,2161.0,1789.0,81229134,743872,170429.0,1140
195,98f357592adc85187e1d12b82970e0b9cc8a1148,20200824,5694562.0,25500592.0,34543,219639,4143.0,38806.0,1031,264254.0,7854.0,16787.0,2112.0,1764.0,80485262,714951,169289.0,341
196,14196cb34b11440a31c67161a8c49235927ae05a,20200823,5660019.0,25280953.0,37900,128482,4149.0,39064.0,698,263223.0,7949.0,16697.0,2131.0,1737.0,79770311,725718,168948.0,577
197,9b0323c0a6337802ccf9420d65f968c76a08491d,20200822,5622119.0,25152471.0,46033,226652,4154.0,40017.0,1604,262525.0,8207.0,16657.0,2204.0,1736.0,79044593,908182,168371.0,1035
198,42b1b5c0188abf9960fce77c9e52ad60a398f7b1,20200821,5576086.0,24925819.0,46477,254673,4199.0,41052.0,1782,260921.0,8358.0,16563.0,2288.0,1730.0,78136411,915434,167336.0,1119
199,212f72ef7a0230b66f3c793a2fef7a2bf9e14ff3,20200820,5529609.0,24671146.0,43844,208472,4170.0,42109.0,1983,259139.0,8486.0,16487.0,2330.0,1716.0,77220977,864210,166217.0,1129
200,852a648ace5453f4e2056e345eb7c847034a1ca1,20200819,5485765.0,24462674.0,45073,243232,4374.0,43406.0,1983,257156.0,8747.0,16377.0,2375.0,1705.0,76356767,832115,165088.0,1411
201,8b1e47a5a96e5004c9bc918bb1120ecf16b521b4,20200818,5440692.0,24219442.0,40070,205817,4412.0,43840.0,2261,255173.0,8859.0,16123.0,2467.0,1695.0,75524652,771994,163677.0,1179
202,132d7a368df0a197bece55b8cb6a28e7886ffe7a,20200817,5400622.0,24013625.0,37751,186974,4298.0,43614.0,1224,252912.0,8881.0,15985.0,2444.0,1678.0,74752658,702582,162498.0,411
203,ec5cad6aca5cd94095fa6bb7bc940338b4dc484e,20200816,5362871.0,23826651.0,42503,258191,4302.0,44155.0,685,251688.0,8958.0,15924.0,2481.0,1665.0,74050076,785200,162087.0,617
204,c2cfcaf33e8dc4118fe45b494f1c14c06c37ea21,20200815,5320368.0,23568460.0,56003,249608,4452.0,44922.0,1891,251003.0,9087.0,15891.0,2526.0,1663.0,73264876,893080,161470.0,1227
205,54b5ed0fc874afc927e56e5c689e9b1f93c58dd9,20200814,5264365.0,23318852.0,57144,308763,4415.0,45868.0,2141,249112.0,9277.0,15768.0,2555.0,1665.0,72371796,990725,160243.0,1226
206,45e199ee643170b667332f3089ad4d587d776625,20200813,5207221.0,23010089.0,51763,256634,4239.0,47303.0,2675,246971.0,9480.0,15629.0,2574.0,1649.0,71381071,954412,159017.0,1163
207,6b823e6138143958993de622f23e7d4011e62d6f,20200812,5155458.0,22753455.0,56186,235552,4174.0,48067.0,2971,244296.0,9564.0,15524.0,2602.0,1629.0,70426659,813796,157854.0,1517
208,2bf4b71e286647a8c9a428099407dc214eecda5d,20200811,5099272.0,22517903.0,54935,230600,4118.0,48600.0,2624,241325.0,9135.0,15331.0,2422.0,1612.0,69612863,845183,156337.0,1320
209,1ef3e9b83ca52f8c42331203f9a38f1ea38b0a04,20200810,5044337.0,22287303.0,41370,210324,3966.0,48751.0,1554,238701.0,9209.0,15158.0,2529.0,1592.0,68767680,741379,155017.0,430
210,b8aba70e1498384fc0421830e8a1f0bc3367efaa,20200809,5002967.0,22076979.0,50766,260584,3871.0,48997.0,862,237147.0,9307.0,15081.0,2507.0,1578.0,68026301,803537,154587.0,621
211,8a3a296e67bc076e13f8b22d64456ebc9dd3c46b,20200808,4952201.0,21816395.0,53492,191879,3888.0,50071.0,1493,236285.0,9662.0,15024.0,2566.0,1561.0,67222764,789814,153966.0,1086
212,384f5f824240fde6c7328f0e4422e93fdfc35212,20200807,4898709.0,21624516.0,60837,263973,3988.0,51329.0,7994,234792.0,9698.0,14925.0,2628.0,1549.0,66432950,890426,152880.0,1322
213,b57c5c8daab2f92664c2ee36f9118d30ca046aea,20200806,4837872.0,21360543.0,54045,266841,3903.0,53220.0,2616,226798.0,9996.0,14810.0,2714.0,1534.0,65542524,848687,151558.0,1242
214,8e746e72764e113997c66e3216429578b6182ff7,20200805,4783827.0,21093702.0,52691,232010,3842.0,53432.0,2117,224182.0,9988.0,14687.0,2721.0,1524.0,64693837,816864,150316.0,1354
215,9fe10547fd655c60ff3aca2f6df1484a388da08a,20200804,4731136.0,20861692.0,51205,236338,3789.0,53436.0,4423,222065.0,10207.0,14537.0,2701.0,1493.0,63876973,806693,148962.0,1242
216,554f5ebc06a5399de8f15b01227bf58e725bf184,20200803,4679931.0,20625354.0,42743,208982,3662.0,53516.0,1558,217642.0,10233.0,14370.0,2664.0,1463.0,63070280,712084,147720.0,516
217,ba6d97023672c28e644ae945598f47c7b9a033ec,20200802,4637188.0,20416372.0,53322,252325,3888.0,54108.0,832,216084.0,10343.0,14289.0,2645.0,1448.0,62358196,790665,147204.0,496
218,2c0c9d536c3c80223e77c588a254b5a8cb8638e5,20200801,4583866.0,20164047.0,60640,231941,3975.0,54554.0,2385,215252.0,10347.0,14227.0,2698.0,1445.0,61567531,817592,146708.0,1201
219,14038dd292534be2103033ffae99afaab5b5c18b,20200731,4523226.0,19932106.0,67835,98958,3956.0,55718.0,2531,212867.0,10471.0,14044.0,2701.0,1437.0,60749939,988464,145507.0,1324
220,27ec4cffab88221ef09be1e378374057ad160dc7,20200730,4455391.0,19833148.0,68979,261399,3947.0,56570.0,3293,210336.0,10549.0,13877.0,2762.0,1415.0,59761475,887682,144183.0,1250
221,718071ce053d069fb6d7845f6dd4eaaaba3ad0b1,20200729,4386412.0,19571749.0,64156,287378,3840.0,57423.0,2860,207043.0,10435.0,13747.0,2771.0,1400.0,58873793,908697,142933.0,1505
222,4e2db16fbf6484758e82b74b55175b33f56fc156,20200728,4322256.0,19284371.0,58452,234128,3600.0,57185.0,4067,204183.0,10414.0,13559.0,2748.0,1372.0,57965096,842394,141428.0,1111
223,b77ea32d8098154908107a15638f4ec0aad200cf,20200727,4263804.0,19050243.0,54484,243001,3398.0,58987.0,1632,200116.0,10183.0,13413.0,2723.0,1356.0,57122702,768987,140317.0,1066
224,c78f7766495b8fc8746a718ef28cf6e122e01e95,20200726,4209320.0,18807242.0,60768,290147,3361.0,58731.0,1380,198484.0,10424.0,13343.0,2723.0,1336.0,56353715,859179,139251.0,561
225,1650808f0f818a23bc583becabc3ff4a0835e09f,20200725,4148552.0,18517095.0,64788,280225,3377.0,59382.0,1816,197104.0,10308.0,13279.0,2729.0,1300.0,55494536,882389,138690.0,1012
226,882872243fcd28e81a630d29dd2bc8d21d35d52c,20200724,4083764.0,18236870.0,75095,311767,3409.0,59801.0,3066,195288.0,10288.0,13184.0,2709.0,1297.0,54612147,1007671,137678.0,1174
227,5b06bae1e4c4a60a35c2838300117567a44b5d3f,20200723,4008669.0,17925103.0,71426,313497,3179.0,59862.0,2371,192222.0,10370.0,12933.0,2467.0,1280.0,53604476,930658,136504.0,1071
228,0e8c630e638241853f11e8934ce04d06f71c066c,20200722,3937243.0,17611606.0,69442,262481,3051.0,59759.0,2237,189851.0,10339.0,12792.0,2444.0,1258.0,52673818,900463,135433.0,1149
229,ea148dab1ca197f6bec0a02f20a686d3d98206f6,20200721,3867801.0,17349125.0,62887,240265,3197.0,59479.0,2555,187614.0,10046.0,12632.0,2414.0,1242.0,51773355,833566,134284.0,1043
230,cbc678f556192937ae37b3393cd498b0ad006e9a,20200720,3804914.0,17108860.0,56709,247893,3003.0,58521.0,1563,185059.0,9832.0,12475.0,2403.0,1223.0,50939789,737207,133241.0,376
231,1337710b37cb83dc8591c0ce32448c6d25d091a5,20200719,3748205.0,16860967.0,64207,265500,3052.0,58052.0,886,183496.0,9581.0,12393.0,2362.0,1216.0,50202582,789513,132865.0,526
232,471efd165c59abe383d325a93df39fd62b8be872,20200718,3683998.0,16595467.0,64773,215087,3032.0,57818.0,1994,182610.0,9809.0,12343.0,2343.0,1211.0,49413069,869668,132339.0,877
233,1bf55ed00ff48473c513e615c8cb8f386ca9c100,20200717,3619225.0,16380380.0,76498,276023,3002.0,57871.0,2485,180616.0,9714.0,12243.0,2352.0,1200.0,48543401,943532,131462.0,938
234,b12b4c27f74ddd2d799ff114f56524f925e6df01,20200716,3542727.0,16104357.0,70493,287728,2929.0,57600.0,2207,178131.0,9565.0,12091.0,2314.0,1175.0,47599869,948000,130524.0,940
235,18b2531aebaf5cc8c7f91b6b8095afca33d08e2c,20200715,3472234.0,15816629.0,69372,268285,2947.0,56341.0,2315,175924.0,9497.0,12003.0,2322.0,1166.0,46651869,913964,129584.0,864
236,62baa5228b801286d5b26abe8e0b19d782a982e2,20200714,3402862.0,15548344.0,58618,259522,960.0,55677.0,2322,173609.0,9342.0,11857.0,2263.0,1154.0,45737905,835275,128720.0,742
237,5aa0cc5a652196d9e28fbcd2181957da47faa15d,20200713,3344244.0,15288822.0,57144,224951,2610.0,54120.0,1120,171287.0,9207.0,11749.0,2254.0,1142.0,44902630,764696,127978.0,329
238,cd579e5ac3845b5424c48c9af3c3e5198ff0850a,20200712,3287100.0,15063871.0,61602,264002,2639.0,52860.0,890,170167.0,8983.0,11679.0,2182.0,1136.0,44137934,796940,127649.0,471
239,098ae934c0b1d6778d21a320a809d2dd19a71000,20200711,3225498.0,14799869.0,62584,264730,2618.0,51984.0,5088,169277.0,8934.0,11613.0,2169.0,1128.0,43340994,836027,127178.0,753
240,2b37300b4988c927b1c00f5acd5df1d13dd3e375,20200710,3162914.0,14535139.0,67108,288473,2493.0,51720.0,2197,164189.0,8812.0,11524.0,2192.0,1118.0,42504967,912598,126425.0,841
241,4167ab6efb023803d2275815e59a59308e1c4c94,20200709,3095806.0,14246666.0,59063,284206,2530.0,44053.0,1663,161992.0,8766.0,11395.0,2129.0,1138.0,41592369,846548,125584.0,862
242,87e70def2acb4d707dc3cfaa84590c25309e052d,20200708,3036743.0,13962460.0,62815,211657,2360.0,43205.0,1888,160329.0,8750.0,11303.0,2167.0,1103.0,40745821,780578,124722.0,819
243,022ed7441ed2d0fe9cb42093e6623e184ce7b745,20200707,2973928.0,13750803.0,50991,206545,2136.0,41948.0,1975,158441.0,8568.0,11178.0,2102.0,1084.0,39965243,742033,123903.0,906
244,9361007bf03d9b47758de34a7cb3645faa4c00ed,20200706,2922937.0,13544258.0,40902,172741,1907.0,39960.0,765,156466.0,8336.0,11058.0,2104.0,1070.0,39223210,650829,122997.0,233
245,77ab7f49da2f20fe8842d84f54971e28f8264d6b,20200705,2882035.0,13371517.0,45374,212886,1885.0,38872.0,583,155701.0,8170.0,11010.0,2080.0,1064.0,38572381,620599,122764.0,214
246,d1fcc02991388c25314e09949678db4286c46ba8,20200704,2836661.0,13158631.0,54846,209668,2083.0,38281.0,870,155118.0,8082.0,10977.0,1982.0,1063.0,37951782,688460,122550.0,295
247,e485f2c6e7611e78bcfe4256ab6283fb6af4e7cc,20200703,2781815.0,12948963.0,54214,247201,2237.0,37921.0,1358,154248.0,7935.0,10937.0,2049.0,1059.0,37263322,796290,122255.0,602
248,a670fb374de64159a5d03b9fbb6b219d84b18129,20200702,2727601.0,12701762.0,53511,229405,2208.0,37645.0,1699,152890.0,7867.0,10843.0,2104.0,1041.0,36467032,772899,121653.0,699
249,c0aa6edfe6a090f8f7d36da29b2197e808948205,20200701,2674090.0,12472357.0,51044,224475,2604.0,36521.0,1429,151191.0,7647.0,10752.0,2099.0,1027.0,35694133,731673,120954.0,696
250,1d0abec4c6c261a619ade7f0a4da2703b3ea871e,20200630,2623046.0,12247882.0,47032,226105,2432.0,35340.0,1473,149762.0,7419.0,10669.0,2044.0,1008.0,34962460,712260,120258.0,583
251,a8f1da48901fe1a9cf25816fd06b586ae0a2b1e4,20200629,2576014.0,12021777.0,39368,245719,2194.0,33742.0,728,148289.0,7283.0,10542.0,2021.0,990.0,34250200,661374,119675.0,336
252,5ef9e0237131bab9da8bece83cbf283f4a80ab84,20200628,2536646.0,11776058.0,41729,227853,2198.0,32577.0,549,147561.0,7080.0,10473.0,2077.0,983.0,33588826,611620,119339.0,271
253,ad0797f71af908816845e4aa4339300a59867b52,20200627,2494917.0,11548205.0,43104,217216,2186.0,32569.0,1059,147012.0,6998.0,10416.0,2159.0,977.0,32977206,723493,119068.0,510
254,91e56214c05abcbbf7d536fd147cbc4281bb3043,20200626,2451813.0,11330989.0,44300,218689,2201.0,31850.0,1540,145953.0,7017.0,10334.0,2069.0,966.0,32253713,737868,118558.0,608
255,13a28bd01d27e1a460db0a53d0d4eb5f070a556b,20200625,2407513.0,11112300.0,39720,248068,2133.0,31920.0,1298,144413.0,6905.0,10258.0,2214.0,951.0,31515845,712795,117950.0,654
256,1b332a9a3b4631df8e6045e65e6be517989e266e,20200624,2367793.0,10864232.0,39131,184959,2049.0,31268.0,1246,143115.0,6752.0,10173.0,2247.0,934.0,30803050,618161,117296.0,704
257,841f90ed2aa630441e823ff4f52eb42554a82465,20200623,2328662.0,10679273.0,33446,172591,1891.0,30352.0,1266,141869.0,6791.0,10077.0,2292.0,918.0,30184889,671798,116592.0,728
258,0307e66e930d932ee2e6fef63acc9a29fa189c02,20200622,2295216.0,10506682.0,26817,163644,2028.0,28962.0,827,140603.0,6650.0,10003.0,2301.0,909.0,29513091,499255,115864.0,288
259,59eb7ddd0d49a1bdd7fe40f8f7d94a33082f9d15,20200621,2268399.0,10343038.0,29182,175530,2084.0,28325.0,519,139776.0,6415.0,9944.0,2321.0,904.0,29013836,504684,115576.0,291
260,4e18ceead659429af50754e4e5ae3c0d6d2a7207,20200620,2239217.0,10167508.0,32232,197225,2108.0,28078.0,685,139257.0,6372.0,9908.0,2380.0,888.0,28509152,610669,115285.0,611
261,391c6e9562f2b5e218fb16cdc5fbe1394fa55f3a,20200619,2206985.0,9970283.0,30887,234816,2032.0,28698.0,1592,138572.0,6450.0,9877.0,2433.0,884.0,27898483,664037,114674.0,657
262,1b808e2935ddb9684ce5a98aa1a9540cadcf22c3,20200618,2176098.0,9735467.0,26984,191568,1903.0,28538.0,1100,136980.0,6560.0,9738.0,2518.0,869.0,27234446,562275,114017.0,679
263,f01f2f502da19673d9b51ff5a48c2531a6fc0432,20200617,2149114.0,9543899.0,24206,195262,1745.0,28641.0,1085,135880.0,6618.0,9666.0,2584.0,857.0,26672171,563106,113338.0,778
264,ee1d6d91184cb6a19a626c3b4f6d4d98471c8d00,20200616,2124908.0,9348637.0,22857,175084,1604.0,28363.0,1186,134795.0,6534.0,9591.0,2591.0,845.0,26109065,500028,112560.0,726
265,6bc8855a3bb72e122b7fa8c259236f19e4a10ed3,20200615,2102051.0,9173553.0,18236,165511,1619.0,28034.0,664,133609.0,6595.0,9516.0,2636.0,835.0,25609037,447146,111834.0,383
266,baa7a982e133f0cc43287ddaaaa703465d0e4799,20200614,2083815.0,9008042.0,21629,167764,1672.0,28012.0,600,132945.0,6610.0,9466.0,2716.0,834.0,25161891,474952,111451.0,354
267,9a4e967d33c7c4cb2b739e31833d8ce8580b74c1,20200613,2062186.0,8840278.0,25459,198815,1698.0,28572.0,965,132345.0,6700.0,9433.0,2726.0,830.0,24686939,545415,111097.0,690
268,1c7a5ba6481662191db41324d07917134a2d8c45,20200612,2036727.0,8641463.0,23152,228322,1783.0,29309.0,1371,131380.0,6837.0,9373.0,2738.0,814.0,24141524,622991,110407.0,766
269,5912c667e8a305e2a83b6b66544c4fc0d84ee506,20200611,2013575.0,8413141.0,21976,150394,1816.0,29842.0,1526,130009.0,6885.0,9297.0,2885.0,792.0,23518533,484776,109641.0,896
270,e6c63953fae02b068d05a61878aa8e0d830dec1c,20200610,1991599.0,8262747.0,20873,168579,1737.0,30962.0,1239,128483.0,7065.0,9226.0,3022.0,780.0,23033757,484086,108745.0,892
271,622ca55aa226b2d79037fcb14a03996f8f5331ce,20200609,1970726.0,8094168.0,16933,155286,1661.0,31181.0,1280,127244.0,7310.0,9142.0,3088.0,771.0,22549671,454671,107853.0,894
272,8bf393b511f562e57f981e9ad33fa5be8d7598b0,20200608,1953793.0,7938882.0,16935,132314,1606.0,31097.0,1072,125964.0,7182.0,9013.0,3238.0,762.0,22095000,405398,106959.0,672
273,bebf77dcf5b245f1badf8ced38749a0b1a38a570,20200607,1936858.0,7806568.0,19080,189867,1733.0,31492.0,657,124892.0,7244.0,8957.0,3298.0,753.0,21689602,437205,106287.0,450
274,c6953d180b2f88d03d765546e47ae54c8b4f7885,20200606,1917778.0,7616701.0,22669,221863,1796.0,31994.0,985,124235.0,7525.0,8920.0,3476.0,750.0,21252397,557957,105837.0,709
275,d3fe2286a8a0a5ff091d98f938ce0b626b07c5b1,20200605,1895109.0,7394838.0,23046,232202,1749.0,32505.0,1518,123250.0,7658.0,8863.0,3520.0,740.0,20694440,621384,105128.0,832
276,2325fedcce4cdf185e30ca313974c4a9f5d8bee4,20200604,1872063.0,7162636.0,20512,183969,1831.0,32800.0,-2858,121732.0,7786.0,8788.0,3662.0,723.0,20073056,497795,104296.0,882
277,a79aa8721a29997d0de851c15bd9780bc67e7f4e,20200603,1851551.0,6978667.0,20164,184622,3473.0,33218.0,2011,124590.0,7959.0,8690.0,3754.0,717.0,19575261,505613,103414.0,973
278,ab032575fd5810b3b148bd0020ab390159e69b09,20200602,1831387.0,6794045.0,19909,161067,3597.0,33955.0,1578,122579.0,8158.0,8566.0,3854.0,710.0,19069648,450312,102441.0,982
279,a686ef7be52efe987958010513e133c971b1b710,20200601,1811478.0,6632978.0,20029,157898,3977.0,34327.0,2752,121001.0,8354.0,8486.0,3950.0,704.0,18619336,419554,101459.0,676
280,e7cc4fe5ba38c4a9cacd0b0417809f629eabb21d,20200531,1791449.0,6475080.0,21694,147988,3723.0,34914.0,698,118249.0,8373.0,8446.0,3669.0,704.0,18199782,429140,100783.0,654
281,ef19af00848949bc8437ecb7a2c217d1b78f7a05,20200530,1769755.0,6327092.0,23543,174259,1916.0,35761.0,1222,117551.0,8691.0,8325.0,4008.0,698.0,17770642,484206,100129.0,921
282,91b445fd613071315c0b350b74878062dd7f43d8,20200529,1746212.0,6152833.0,23624,189783,3047.0,36937.0,1409,116329.0,8923.0,8235.0,4028.0,689.0,17286436,507264,99208.0,1171
283,2d183549275a2889c94f0d3de9d3df207d983ca9,20200528,1722588.0,5963050.0,22844,188114,2797.0,38005.0,1425,114920.0,9139.0,8109.0,4079.0,676.0,16779172,494858,98037.0,1235
284,1d48751e239a68f66b3f06cd5039935cb6b5c5ed,20200527,1699744.0,5774936.0,19193,151212,3132.0,38314.0,1385,113495.0,9246.0,8015.0,4223.0,666.0,16284314,415923,96802.0,1340
285,2fe388264ba2ff6cf874acfd875b0d4b4c5edf5b,20200526,1680551.0,5623724.0,16676,111904,2919.0,37751.0,17155,112110.0,9251.0,7899.0,4221.0,650.0,15868391,315659,95462.0,668
286,31b4ab7afb8168b651ac73536c93c757eb9a7dbd,20200525,1663875.0,5511820.0,18543,167737,3368.0,37702.0,669,94955.0,9114.0,7847.0,4232.0,642.0,15552732,408751,94794.0,556
287,094aa1af2c49ad12475f31582ff8e2677aef3ef3,20200524,1645332.0,5344083.0,19122,129848,3730.0,37741.0,787,94286.0,9148.0,7801.0,4380.0,639.0,15143981,390719,94238.0,689
288,3616ad7ad5adcc43cefd4d722cb1603c4eea1113,20200523,1626210.0,5214235.0,22482,115601,4084.0,38625.0,1130,93499.0,9382.0,7770.0,4621.0,638.0,14753262,444574,93549.0,1035
289,6c57c9eba7e04990aceb7ac6b03efa03ccdd7e01,20200522,1603728.0,5098634.0,24127,173269,3770.0,39999.0,3751,92369.0,9708.0,7689.0,4714.0,633.0,14308688,451428,92514.0,1286
290,b0906bf8e5a7ce60c0efccc38d0653efe2750daa,20200521,1579601.0,4925365.0,26751,219192,3733.0,41353.0,4374,88618.0,9757.0,7423.0,4871.0,616.0,13857260,499343,91228.0,1381
291,e3fe6ec182cdf3e5c2c0d090dfbb5ce88629b78f,20200520,1552850.0,4706173.0,21371,167729,3546.0,41854.0,1453,84244.0,10212.0,7319.0,4907.0,613.0,13357917,449396,89847.0,1395
292,05d7578772a7b583bdd707d9e8a4290302a6d1e6,20200519,1531479.0,4538444.0,20700,162780,2931.0,42019.0,1286,82791.0,10292.0,7217.0,5032.0,606.0,12908521,422660,88452.0,1327
293,88cac96425fc388247d8527a62e1c11627edbbcc,20200518,1510779.0,4375664.0,20613,131764,2989.0,41935.0,803,81505.0,10423.0,7064.0,5260.0,602.0,12485861,348667,87125.0,853
294,2f579fe7e7cbb420fe8b4c82970b50a82577e1b4,20200517,1490166.0,4243900.0,20384,138117,3714.0,42018.0,766,80702.0,10563.0,7003.0,5467.0,593.0,12137194,351921,86272.0,862
295,33c19d1380bb6d8fb3a6944cecd4ff2fd0443136,20200516,1469782.0,4105783.0,23835,132367,3603.0,43520.0,1383,79936.0,10880.0,6945.0,5532.0,592.0,11785273,394424,85410.0,1249
296,1960689f67d46d0e0d1f1180eeff7a5f010c2ea8,20200515,1445947.0,3973416.0,25407,120258,2457.0,44553.0,982,78553.0,11163.0,6890.0,5744.0,589.0,11390849,406415,84161.0,1537
297,38e93738046a3ad43198301ac7baf9ea81a46dec,20200514,1420540.0,3853158.0,26796,138644,2481.0,45912.0,2711,77571.0,11338.0,6795.0,5940.0,582.0,10984434,388786,82624.0,1846
298,ec4dd9adf88efd725715f5d2c7c706f8c1300b82,20200513,1393744.0,3714514.0,21481,117018,2667.0,46926.0,1273,74860.0,11664.0,6713.0,6164.0,572.0,10595648,346215,80778.0,1729
299,d756164c2fea3a52b34ac8ce754a4b9b48755b56,20200512,1372263.0,3597496.0,22521,110171,1800.0,47347.0,1192,73587.0,11915.0,6585.0,6350.0,559.0,10249433,340824,79049.0,1518
300,08cbc60055885cf61c67f0ccb8b137f36d568cd8,20200511,1349742.0,3487325.0,18080,209165,1782.0,46554.0,939,72395.0,11852.0,6488.0,6349.0,551.0,9908609,374214,77531.0,889
301,f57efc9e7e57c6da8493819fc4fe5df4b8d4dd91,20200510,1331662.0,3278160.0,21112,91529,2844.0,46741.0,565,71456.0,11992.0,6445.0,6392.0,547.0,9534395,274264,76642.0,1027
302,59928a11b3025c5d0731fbd9778499178924145a,20200509,1310550.0,3186631.0,25280,110811,3262.0,48576.0,1128,70891.0,12165.0,6367.0,6550.0,543.0,9260131,323895,75615.0,1459
303,30443451b5a7069d5a17bacbb56490ae0cf4daa1,20200508,1285270.0,3075820.0,27198,104722,3079.0,49769.0,5697,69763.0,12460.0,6294.0,6793.0,531.0,8936236,312980,74156.0,1788
304,336f6ce8d7980c150f28b3006ea990cd9a3ad9e3,20200507,1258072.0,2971098.0,27228,94737,3358.0,51445.0,3553,64066.0,12832.0,5189.0,7067.0,529.0,8623256,329708,72368.0,2732
305,9bb52e41a6d7dce6b618ecb1ac774a95e1d12b3e,20200506,1230844.0,2876361.0,25312,98543,3008.0,52607.0,1505,60513.0,13196.0,4911.0,4758.0,449.0,8293548,293617,69636.0,1931
306,77ef9241c6f6085173f4f31992eee2071ffb9b73,20200505,1205532.0,2777818.0,22392,105694,2633.0,53168.0,1399,59008.0,13346.0,4794.0,4810.0,439.0,7999931,279781,67705.0,2496
307,ce385412d41e0e2e27c7312c003df74ca4c3a4d3,20200504,1183140.0,2672124.0,22106,86891,2791.0,52375.0,1152,57609.0,13390.0,4579.0,4852.0,430.0,7720150,236185,65209.0,983
308,6154e6c23f2b533a17862630859ffd2760e6c57d,20200503,1161034.0,2585233.0,25759,94072,2836.0,52623.0,1027,56457.0,13343.0,4502.0,4762.0,425.0,7483965,239746,64226.0,1247
309,dabc8fb5e0128fe0e7929f1b1b375e755276ef36,20200502,1135275.0,2491161.0,29151,80894,1639.0,54008.0,1276,55430.0,13528.0,4386.0,4846.0,375.0,7244219,272341,62979.0,1521
310,080bbc8fa542224aa52356324b6001740c977219,20200501,1106124.0,2410267.0,32880,106658,1496.0,54888.0,9055,54154.0,13572.0,4300.0,4712.0,376.0,6971878,285664,61458.0,1812
311,22c4a76b6e568a8c7a4c9609321f5218cd8f7fa0,20200430,1073244.0,2303609.0,30063,79570,2805.0,54910.0,1425,45099.0,13982.0,4192.0,4708.0,373.0,6686214,275235,59646.0,2153
312,126189b1267960ed42ebc0bbf58053aec4e73691,20200429,1043181.0,2224039.0,26179,89076,5023.0,56010.0,1865,43674.0,14254.0,4093.0,4803.0,365.0,6410979,257142,57493.0,2689
313,f69a5f06fc5f662fe182247ede9bd4e80ebe0814,20200428,1017002.0,2134963.0,25232,69502,4064.0,56041.0,1253,41809.0,14280.0,3798.0,4760.0,252.0,6153837,216600,54804.0,2078
314,4b9a093bb8001765be49555a2c9fac96b162b16f,20200427,991770.0,2065461.0,22404,62416,4030.0,56181.0,1183,40556.0,14496.0,3720.0,4867.0,252.0,5937237,194555,52726.0,1274
315,c35c70faffc09a5eefd62d43bab047ee7c873d8b,20200426,969366.0,2003045.0,27324,75262,4165.0,56167.0,1109,39373.0,14753.0,2571.0,5119.0,227.0,5742682,205595,51452.0,1212
316,4cb993bc458038519517b1f6788647bcff84abdb,20200425,942042.0,1927783.0,40697,120083,5467.0,57346.0,1234,38264.0,15056.0,2516.0,5266.0,227.0,5537087,275824,50240.0,1634
317,67d752d52406da3797ebd1349acea77b13088f5f,20200424,901345.0,1807700.0,31217,75512,4370.0,57367.0,1198,37030.0,15274.0,2468.0,5194.0,227.0,5261263,246096,48606.0,1973
318,87500d13157170a21c6b4f1424d70b5c259857e5,20200423,870128.0,1732188.0,31938,64683,4417.0,59215.0,1409,35832.0,15407.0,2428.0,5463.0,227.0,5015167,217920,46633.0,1806
319,9ea15321df00da85092b908dd9b4087ccb64b321,20200422,838190.0,1667505.0,29273,-213981,4231.0,59204.0,1591,34423.0,15705.0,2370.0,5474.0,227.0,4797247,335191,44827.0,2150
320,63a6b86de0682e582e307ef088ce75a980fd1d84,20200421,808917.0,1881486.0,27354,69105,3937.0,59795.0,1431,32832.0,15636.0,2315.0,5514.0,214.0,4462056,166966,42677.0,2478
321,5fc94d6cfb4f7f3308e2a618b4b0decfa2f7dcd8,20200420,781563.0,1812381.0,24376,63578,3983.0,56720.0,887,31401.0,15099.0,2193.0,5569.0,214.0,4295090,143980,40199.0,1814
322,77472581a40f0fe732e6ca000b4d4482ff25d145,20200419,757187.0,1748803.0,26930,68216,11306.0,56491.0,734,30514.0,15005.0,2145.0,5603.0,214.0,4151110,148978,38385.0,1765
323,1b9e9bbf9a46bccbad932b07e4db90aecee53991,20200418,730257.0,1680587.0,27573,69461,10048.0,57798.0,1459,29780.0,15388.0,2096.0,5733.0,205.0,4002132,172481,36620.0,1896
324,5f484b5054b4ed5e543e479136d5a2febc6530cf,20200417,702684.0,1611126.0,31500,67602,10889.0,58904.0,1289,28321.0,15493.0,2052.0,6098.0,187.0,3829651,172149,34724.0,2116
325,1a67b7cab077219d67c6557cfb738e39726ee5ff,20200416,671184.0,1543524.0,31266,79312,16872.0,59500.0,1261,27032.0,15830.0,1834.0,5940.0,176.0,3657502,183046,32608.0,2196
326,8180f41ecfe53400b3e4495754544b767e7bca2e,20200415,639918.0,1464212.0,29834,57485,16901.0,59930.0,1176,25771.0,15302.0,1710.0,6033.0,173.0,3474456,149278,30412.0,2541
327,27e38a9829edaa52314b3c94497aafe70d00541a,20200414,610084.0,1406727.0,25943,73268,16663.0,59601.0,1466,24595.0,14735.0,1642.0,5981.0,171.0,3325178,160030,27871.0,2356
328,722393acce4c1bc230e0fbae3acbb2cfe4d5e779,20200413,584141.0,1333459.0,24136,57296,17059.0,56283.0,2304,23129.0,14199.0,1549.0,6170.0,158.0,3165148,125464,25515.0,1630
329,fef7d26bdbd70141b6526c14b3505ed3e54520bb,20200412,560005.0,1276163.0,28168,67358,16425.0,55294.0,694,20825.0,14188.0,1449.0,5962.0,158.0,3039684,140619,23885.0,1698
330,f619bd973c581df85c7ff53548dac210d1210695,20200411,531837.0,1208805.0,31323,64373,16619.0,55563.0,1208,20131.0,13856.0,1399.0,5986.0,152.0,2899065,158549,22187.0,2079
331,e516759abbaebb416fe2d9db4bf55880dc931e05,20200410,500514.0,1144432.0,33778,56216,17373.0,53167.0,1999,18923.0,12693.0,1179.0,5937.0,39.0,2740516,155771,20108.0,2081
332,09a1d96d5120b700368f6783a075403541bd7edd,20200409,466736.0,1088216.0,34992,82731,17634.0,51323.0,965,16924.0,12445.0,918.0,5798.0,39.0,2584745,171012,18027.0,2054
333,3b367a6be212284569e3b9f8424cdd7b5899f3c2,20200408,431744.0,1005485.0,30964,68034,17273.0,45359.0,1332,15959.0,10276.0,862.0,4142.0,39.0,2413733,165594,15973.0,1999
334,b988927b4d0a57fa7478a222438461ee6faf4aa9,20200407,400780.0,937451.0,30416,79011,16588.0,43849.0,370,14627.0,9978.0,738.0,4047.0,43.0,2248139,169756,13974.0,2042
335,c5f4023fd79158b3c8552c196530f7f27ec81c65,20200406,370364.0,858440.0,28260,69846,17231.0,36159.0,883,14257.0,7079.0,663.0,2961.0,39.0,2078383,137734,11932.0,1314
336,56a4702b083f7b368721d724ef0a2860dfd0bf8c,20200405,342104.0,788594.0,25843,33621,17311.0,32180.0,1131,13374.0,5811.0,609.0,650.0,39.0,1940649,129412,10618.0,1340
337,80587c8a6dc1df9fb0dc5502807c3dceba5d3011,20200404,316261.0,754973.0,33122,143525,15568.0,30456.0,1732,12243.0,5500.0,403.0,656.0,39.0,1811237,231115,9278.0,1478
338,64bb07cf101c54d11933762aecfa917b2203918c,20200403,283139.0,611448.0,31835,54760,61956.0,25723.0,1189,10511.0,4928.0,335.0,623.0,39.0,1580122,142407,7800.0,1288
339,26f5631636844aa583b09bfd838468403f2ae263,20200402,251304.0,556688.0,28135,51405,62085.0,22995.0,1320,9322.0,4513.0,305.0,576.0,32.0,1437715,131146,6512.0,1175
340,ff9c0ea95e01fd6fa6ac4df035953816fc3ebdfc,20200401,223169.0,505283.0,26204,44681,59694.0,20906.0,1302,8002.0,3937.0,256.0,561.0,32.0,1306569,123021,5337.0,1006
341,90526b05cc4e3b76827c82099c3ac9e59302e16c,20200331,196965.0,460602.0,25000,44334,59550.0,18155.0,1492,6700.0,3487.0,230.0,506.0,,1183548,114567,4331.0,909
342,9af74a2da031ba35ea0217c92e9646458a2d0642,20200330,171965.0,416268.0,21139,50165,65369.0,15892.0,584,5208.0,3087.0,187.0,449.0,,1068981,100592,3422.0,584
343,dcf7d47af449ccca01a78732aff26a64949e4eb4,20200329,150826.0,366103.0,19683,41832,65404.0,14055.0,559,4624.0,2456.0,156.0,433.0,,968389,86974,2838.0,506
344,abe005e1f102f02d9f2b5c170ca12e0c175d0d6b,20200328,131143.0,324271.0,19785,68463,65698.0,12393.0,682,4065.0,2174.0,140.0,390.0,,881415,111430,2332.0,550
345,d5ba3a0c7b7fdc61e996b25b56a0f7127ea45fef,20200327,111358.0,255808.0,19215,45156,59795.0,10887.0,777,3383.0,1792.0,124.0,293.0,,769985,101260,1782.0,411
346,3f1a0fbd764c5dc0c2769cecb7c9b0bb751f20a5,20200326,92143.0,210652.0,17592,42359,60131.0,7805.0,655,2606.0,1299.0,91.0,258.0,,668725,106945,1371.0,313
347,930b9f0e2305059ebad2c840d7f7354cc3c4ed6f,20200325,74551.0,168293.0,12657,33006,51143.0,5140.0,873,1951.0,,74.0,167.0,,561780,82429,1058.0,241
348,32e849c3d4e39fd11946ce09a732102d7f14ac77,20200324,61894.0,135287.0,10896,33947,14368.0,3938.0,261,1078.0,,,,,479351,86845,817.0,235
349,967358494042f7a654c41d355dc6cded3c0f7b3e,20200323,50998.0,101340.0,11190,21109,14551.0,2812.0,190,817.0,,,,,392506,57023,582.0,102
350,19c16a608fdc3b746cfb637ef0db7b6721db06cf,20200322,39808.0,80231.0,9228,12428,3205.0,2173.0,139,627.0,,,,,335483,52323,480.0,145
351,7bc14f703b0a0345489a5437f765f16e7e385986,20200321,30580.0,67803.0,6940,16060,3485.0,1492.0,316,488.0,,,,,283160,52248,335.0,62
352,f394c3ea9f5dd4512ac97b9e03527730a79defb1,20200320,23640.0,51743.0,6100,11805,3645.0,1042.0,44,172.0,,,,,230912,49555,273.0,70
353,770358482664264ac2b2656143745512b749de55,20200319,17540.0,39938.0,4606,8361,3340.0,617.0,34,128.0,,,,,181357,39258,203.0,51
354,b35682e3205ac56e1b191d7b82528aeca11d0ab8,20200318,12934.0,31577.0,3357,5394,2372.0,416.0,18,94.0,,,,,142099,32196,152.0,26
355,0230ba99995d39345589ac6fc13af33413ac42f9,20200317,9577.0,26183.0,2128,5856,1698.0,325.0,33,76.0,,,,,109903,26755,126.0,24
356,f27f8a0de638f48588bb9ed77f08b9c2762ca6d6,20200316,7449.0,20327.0,1711,10931,1834.0,,6,43.0,,,,,83148,23114,102.0,22
